city,iso,lat_benchmark,lon_benchmark,ucdb_id,source_city,source_iso,iso_rph,iso_ind,city_state_overrided,pop_total_LS,ntl_mean,EQ_raw,EQ_w,FL_raw,FL_w,TC_raw,TC_w,DR_raw,DR_w,LS_EQ_raw,LS_EQ_w,LS_rain_raw,LS_rain_w,LS_w,ts_raw,ts_distance_deg,ts_w,ts_coordinate_missing,hazard_composite_6haz,n_country_cities,denom_src,hazard_ref,pop_ref,ntl_ref,H,pop_ratio,ntl_ratio,E,R_Ph_national,R_Ph_national_effective,national_risk_override
Chongqing,CHN,29.5669230000,106.5930360000,8557,Chongqing,CHN,CHN,CHN,0,30896622.0000000000,1.1053465391,72.0430388411,0.0648774931,131.1069709786,0.0954946547,0.0000000000,0.0000000000,5.1883577735,0.1345952819,1.6217976763,0.3287784629,1.5864323562,0.3145959526,0.3287784629,0.0000000000,8.0985480718,0.0000000000,0,0.1039576488,393,CHN,0.1326051024,4833482.6208651401,1.9618185545,0.7839641679,6.3922071151,0.5634295468,2.4195040319,0.5509128958,0.5509128958,
Osaka,JPN,34.7519810000,135.4581990000,4399,Osaka,JPN,JPN,JPN,0,592498.0000000000,36.3135799731,159.5480736559,0.3181948476,94.7307322288,0.0498550646,237.0091594408,0.9118256446,4.9408016030,0.1220576024,1.0000000000,0.1250000000,1.0000000000,0.1250000000,0.1250000000,14.3302000000,0.0706292869,0.9960121596,0,0.4204908865,77,JPN,0.3171880150,920959.2207792208,5.4146144756,1.3256834010,0.6433487896,6.7065864314,1.6431170543,0.7228255220,0.7228255220,
Seoul,KOR,37.5682950000,126.9977850000,348,Seoul,KOR,KOR,KOR,0,251803.0000000000,95.5508120893,0.0000000000,0.0000000000,0.0000000000,0.0000000000,180.9815063477,0.6852132926,5.7500000000,0.1653125000,1.0659875250,0.1420411754,1.0688415628,0.1428027858,0.1428027858,1.1184000000,0.4204237824,0.0111183872,0,0.1674078276,28,KOR,0.1796170293,486165.6071428572,23.0765650309,0.9320264803,0.5179366790,4.1405994333,1.1895735195,0.9640103318,0.9640103318,
Kuala Lumpur,MYS,3.1686120000,101.6980370000,1648,Kuala Lumpur,MYS,MYS,MYS,0,2922141.0000000000,64.2999561408,0.0000000000,0.0000000000,15.6559394477,0.0013617136,0.0000000000,0.0000000000,5.6718891333,0.1608516317,1.0105950455,0.1276627933,1.0191951564,0.1298448459,0.1298448459,0.0000000000,1.7305286437,0.0000000000,0,0.0486763652,32,MYS,0.0606835989,579701.6875000000,9.6280991546,0.8021337897,5.0407667651,6.6783645565,5.6411287369,1.0000000000,1.0000000000,
Manila,PHL,14.6061050000,120.9802710000,2323,Manila,PHL,PHL,PHL,0,2220416.0000000000,45.3603637143,129.0512563739,0.2081778346,0.0000000000,0.0000000000,237.5398367363,0.9133050668,6.5000000000,0.2112500000,1.0000000000,0.1250000000,1.0000000000,0.1250000000,0.1250000000,4.6800000000,0.0176743060,0.1946880000,0,0.2754034836,39,PHL,0.2832094590,553429.7435897436,5.0151532344,0.9724374481,4.0121009500,9.0446615675,5.5536696070,0.9999999999,0.9999999999,
Bangkok,THA,13.7519450000,100.5146990000,2315,Bangkok,THA,THA,THA,0,117202.0000000000,66.8314421177,0.0000000000,0.0000000000,17.3182855805,0.0016662390,82.2802276611,0.1504452414,0.0000000000,0.0000000000,1.0000000000,0.1250000000,1.0000000000,0.1250000000,0.1250000000,0.0900000000,0.2426487033,0.0000720000,0,0.0461972467,79,THA,0.0775524748,204312.8860759494,5.1772082538,0.5956901682,0.5736397848,12.9087799528,1.9931392317,1.0000000000,1.0000000000,
Ho Chi Minh City,VNM,10.7819710000,106.6930810000,5239,Ho Chi Minh City,VNM,VNM,VNM,0,696550.0000000000,43.1257080078,0.0000000000,0.0000000000,0.0000000000,0.0000000000,146.4751280252,0.4767769584,6.1278244473,0.1877511623,1.0000000000,0.1250000000,1.0000000000,0.1250000000,0.1250000000,1.2500000000,0.3318134429,0.0138888889,0,0.1339028349,72,VNM,0.1727509599,413433.9861111111,6.5889061175,0.7751206421,1.6847913413,6.5451999526,2.8993246008,0.9999999999,0.9999999999,
Dubai,ARE,25.2319420000,55.2780290000,1007,Dubai,ARE,ARE,ARE,0,1258253.0000000000,108.6421835525,62.6513718012,0.0490649299,0.4925247307,0.0000013477,0.0000000000,0.0000000000,5.9179308070,0.1751095252,0.9980444883,0.1245116001,0.9980444883,0.1245116001,0.1245116001,0.0000000000,0.9981522747,0.0000000000,0,0.0581145671,8,ARE,0.0600648148,613603.8750000000,48.8294258532,0.9675309468,2.0505949380,2.2249326437,2.1186278443,0.2084464460,0.2084464460,
Delhi,IND,28.6719390000,77.2280580000,7963,Delhi,IND,IND,IND,0,19978009.0000000000,27.4134876062,52.1860059535,0.0340422402,100.6384813852,0.0562672441,0.0000000000,0.0000000000,4.7164417913,0.1112241159,1.0000000000,0.1250000000,1.0000000000,0.1250000000,0.1250000000,0.0000000000,9.0795291353,0.0000000000,0,0.0544222667,213,IND,0.0897148962,3620167.8873239434,3.0993320984,0.6066134946,5.5185310797,8.8449661851,6.6645766384,1.0000000000,1.0000000000,
Kolkata,IND,22.4969150000,88.3227300000,11352,Kolkata,IND,IND,IND,0,9664222.0000000000,2.4022930633,0.0000000000,0.0000000000,51.0435587980,0.0144746939,142.8788182368,0.4536523711,5.2859084854,0.1397041426,1.0000000000,0.1250000000,1.0000000000,0.1250000000,0.1250000000,5.2426000000,0.3997922055,0.2443098201,0,0.1628568379,213,IND,0.0897148962,3620167.8873239434,3.0993320984,1.8152708732,2.6695507780,0.7751002432,1.6278188037,1.0000000000,1.0000000000,
Tehran,IRN,35.6738890000,51.4223980000,5174,Tehran,IRN,IRN,IRN,0,9396870.0000000000,23.8750041517,137.0385979373,0.2347447166,0.0000000000,0.0000000000,0.0000000000,0.0000000000,5.2682956423,0.1387746949,1.0058523914,0.1264673792,1.0038746145,0.1259705302,0.1264673792,0.0000000000,9.7367920163,0.0000000000,0,0.0833311318,63,IRN,0.0956556711,830344.4285714285,2.7816227577,0.8711572536,11.3168339266,8.5831208010,10.1319504122,0.7493182632,0.7493182632,
Karachi,PAK,24.8719380000,66.9880630000,2457,Karachi,PAK,PAK,PAK,0,30091980.0000000000,9.6390229194,73.1955713980,0.0669698959,0.0000000000,0.0000000000,144.4513855398,0.4636933952,6.2457840452,0.1950490917,1.0002215524,0.1250553942,1.0002215524,0.1250553942,0.1250553942,2.5438000000,0.0710034413,0.0575192750,0,0.1513811753,42,PAK,0.0883432025,10883848.1904761903,1.5412459606,1.7135577057,2.7648290819,6.2540458602,3.8323520528,1.0000000000,1.0000000000,
Istanbul,TUR,41.1069420000,29.0080560000,2637,Istanbul,TUR,TUR,TUR,0,742540.0000000000,33.4568364891,156.7250206213,0.3070341511,0.0000000000,0.0000000000,0.0000000000,0.0000000000,5.1866022559,0.1345042148,1.0279438429,0.1320835680,1.0323177497,0.1332099920,0.1332099920,1.3000000000,0.0553905756,0.0150222222,0,0.0982950967,99,TUR,0.1122678361,305497.5353535354,4.1553108099,0.8755410287,2.4305924404,8.0515845913,3.9244593026,0.7011085728,0.7011085728,
Buenos Aires,ARG,-34.6005560000,-58.3994770000,4443,Buenos Aires,ARG,ARG,ARG,0,3488088.0000000000,72.0521304172,0.0000000000,0.0000000000,5.5178525356,0.0001691483,0.0000000000,0.0000000000,6.2873414686,0.1976533137,1.0000000000,0.1250000000,1.0000000000,0.1250000000,0.1250000000,0.0000000000,13.1876327105,0.0000000000,0,0.0538037437,162,ARG,0.0640732218,161088.7901234568,2.4530682868,0.8397227765,21.6532013018,29.3722481367,24.4617849255,0.2857104781,0.2857104781,
Sao Paulo,BRA,-23.5567340000,-46.6269660000,7277,Sao Paulo,BRA,BRA,BRA,0,13714395.0000000000,36.9326303357,0.0000000000,0.0000000000,7.8938629377,0.0003461837,0.0000000000,0.0000000000,4.9767594424,0.1238406727,1.0166780033,0.1292042703,1.0278265516,0.1320534275,0.1320534275,0.0000000000,23.5328110808,0.0000000000,0,0.0427067140,388,BRA,0.0639021511,283220.6185567011,3.7246259688,0.6683141840,48.4230105488,9.9157957457,25.6780535956,0.2069075146,0.2069075146,
London,GBR,51.5096787806,-0.1258930364,5816,London,GBR,GBR,GBR,0,9132065.0000000000,4.9618912637,0.0000000000,0.0000000000,21.5006919779,0.0025682209,0.0000000000,0.0000000000,5.3902905720,0.1452761623,1.0000000000,0.1250000000,1.0039118599,0.1259798778,0.1259798778,0.0000000000,1.1325083198,0.0000000000,0,0.0456373768,57,GBR,0.0587588906,589573.8070175438,0.1753777793,0.7766888787,15.4892651120,28.2925880579,19.7100423939,0.0881692766,0.0881692766,
Sydney,AUS,-33.8539757201,151.0728557324,2324,Sydney,AUS,AUS,AUS,0,273941.0000000000,57.7886612104,0.0000000000,0.0000000000,0.0000000000,0.0000000000,91.8833465576,0.1876122083,4.0336927921,0.0813533877,1.0080756693,0.1270270694,1.0080756693,0.1270270694,0.1270270694,2.2123000000,0.0808367572,0.0435046337,0,0.0732495499,222,AUS,0.1092745119,58831.8423423423,2.0361893508,0.6703260311,4.6563389670,28.3807894330,9.5948135870,0.2341875522,0.2341875522,
Toronto,CAN,43.7019260000,-79.4219670000,2869,Toronto,CAN,CAN,CAN,0,3084013.0000000000,36.9393333573,0.0000000000,0.0000000000,1.5486837067,0.0000133246,57.2399678166,0.0728091981,4.8975923536,0.1199320543,1.0031412122,0.1257865365,1.0109044455,0.1277409747,0.1277409747,0.0000000000,5.2825011965,0.0000000000,0,0.0534159253,254,CAN,0.0698311550,141776.0236220472,1.3275112475,0.7649297126,21.7527119270,27.8260040569,24.0042633492,0.1393153471,0.1393153471,
Los Angeles,USA,33.9889625405,-118.0740847202,2007,Los Angeles,USA,USA,USA,0,9870477.0000000000,13.0731548682,196.4106014021,0.4822140543,8.8520022910,0.0004353219,99.8638723049,0.2216176220,4.6220041829,0.1068146133,1.0068204133,0.1267109181,1.0115485319,0.1279038040,0.1279038040,3.1941000000,0.2433733294,0.0906868872,0,0.1716120505,725,USA,0.1119911810,421538.6400000000,4.3078765791,1.5323711110,23.4153552329,3.0347097063,10.3406374563,0.2931765360,0.2931765360,
Mexico City,MEX,19.4443880000,-99.1329340000,5402,Mexico City,MEX,MEX,MEX,0,774436.0000000000,102.7533694408,0.0000000000,0.0000000000,620.2031642745,1.0000000000,115.3680375308,0.2957729796,5.5476727254,0.1538833633,1.0000000000,0.1250000000,1.0000000000,0.1250000000,0.1250000000,0.0000000000,2.6752241262,0.0000000000,0,0.2624427238,203,MEX,0.1365083344,314409.5369458128,6.3003416074,1.9225399319,2.4631441130,16.3091743025,5.2464638286,0.7455814669,0.7455814669,
Lima,PER,-12.0460670000,-77.0520080000,2171,Lima,PER,PER,PER,0,9892195.0000000000,18.0425615811,120.7355587384,0.1822134393,3.4124878038,0.0000646949,0.0000000000,0.0000000000,6.7304907952,0.2264975317,1.1820646638,0.1746596087,1.0987876205,0.1509167794,0.1746596087,17.0158000000,0.0692998702,1.0000000000,0,0.2639058791,95,PER,0.2144713380,451745.1578947369,1.5495549301,1.2304948601,21.8977333285,11.6437057058,17.0088905144,0.9938127709,0.9938127709,
Chicago,USA,41.8319370000,-87.7520010000,7532,Chicago,USA,USA,USA,0,5288622.0000000000,32.5775568824,0.0000000000,0.0000000000,24.8319986599,0.0034257120,0.0000000000,0.0000000000,5.7869335164,0.1674429976,1.0000000000,0.1250000000,1.0000000000,0.1250000000,0.1250000000,0.0000000000,11.2436605986,0.0000000000,0,0.0493114516,725,USA,0.1119911810,421538.6400000000,4.3078765791,0.4403154887,12.5459957834,7.5623236377,10.2462556165,0.2931765360,0.2931765360,
Melbourne,AUS,-37.8303621784,145.0450987974,1747,Melbourne,AUS,AUS,AUS,0,236849.0000000000,73.7856036898,0.0000000000,0.0000000000,19.5499072048,0.0021233271,0.0000000000,0.0000000000,6.2591269457,0.1958833506,1.0000000000,0.1250000000,1.0000000000,0.1250000000,0.1250000000,0.5207000000,0.0839208655,0.0024100310,0,0.0542361181,222,AUS,0.1092745119,58831.8423423423,2.0361893508,0.4963290815,4.0258640656,36.2371032248,9.6956482950,0.2341875522,0.2341875522,
Berlin,DEU,52.5237650000,13.3996030000,5483,Berlin,DEU,DEU,DEU,0,3793496.0000000000,8.5235769883,0.0000000000,0.0000000000,67.2915764109,0.0251564236,0.0000000000,0.0000000000,6.3581930170,0.2021330922,1.0000000000,0.1250000000,1.0000000000,0.1250000000,0.1250000000,0.0000000000,8.0750862796,0.0000000000,0,0.0587149193,60,DEU,0.0569831005,430966.0166666667,4.7253058807,1.0303917963,8.8023088905,1.8038148648,4.6691169002,0.1382647992,0.1382647992,
Madrid,ESP,40.4019720000,-3.6852980000,3338,Madrid,ESP,ESP,ESP,0,6763289.0000000000,0.0772625002,0.0000000000,0.0000000000,0.1921139167,0.0000002050,0.0000000000,0.0000000000,5.2039684175,0.1354064365,1.0086899921,0.1271819375,1.0066823334,0.1266761651,0.1271819375,0.0000000000,3.0253299105,0.0000000000,0,0.0437647632,52,ESP,0.0553639320,1205980.0961538462,3.0605629521,0.7904923222,5.6081265533,0.0252445388,0.6458886600,0.2020357804,0.2020357804,
Paris,FRA,48.8686390000,2.3313900000,2878,Paris,FRA,FRA,FRA,0,2470905.0000000000,31.0944720055,0.0000000000,0.0000000000,304.3530625266,0.5144049353,0.0000000000,0.0000000000,5.1903057705,0.1346963700,1.0000000000,0.1250000000,1.0000000000,0.1250000000,0.1250000000,0.0000000000,2.6165443927,0.0000000000,0,0.1290168842,72,FRA,0.0571480991,847868.4583333334,2.1753041701,2.2575883775,2.9142551250,14.2943099327,5.5053105105,0.1763317138,0.1763317138,
Rome,ITA,41.8979020000,12.4813130000,3938,Rome,ITA,ITA,ITA,0,4411984.0000000000,6.9931816209,92.6117368238,0.1072116725,19.4321733022,0.0020978298,0.0000000000,0.0000000000,6.8916670334,0.2374753725,1.0327441413,0.1333200577,1.0648490947,0.1417379493,0.1417379493,0.3199000000,0.2385515304,0.0009096534,0,0.0815720796,57,ITA,0.0805831816,818989.8070175438,3.3093521776,1.0122717659,5.3871048970,2.1131572723,3.7049810208,0.3403886097,0.3403886097,
Amsterdam,NLD,52.3519150000,4.9146940000,1590,Amsterdam,NLD,NLD,NLD,0,929293.0000000000,14.1874635659,0.0000000000,0.0000000000,12.3288834716,0.0008444520,0.0000000000,0.0000000000,5.3704562712,0.1442090028,1.0000000000,0.1250000000,1.0000000000,0.1250000000,0.1250000000,0.0000000000,6.0047466917,0.0000000000,0,0.0450089091,14,NLD,0.0537171264,303000.6428571428,7.7259228671,0.8378875068,3.0669670904,1.8363454839,2.4980850829,0.1269158608,0.1269158608,
Stockholm,SWE,59.3527060000,18.0953890000,1693,Stockholm,SWE,SWE,SWE,0,1080289.0000000000,18.3947871808,0.0000000000,0.0000000000,14.1266767314,0.0011086833,0.0000000000,0.0000000000,6.2864433583,0.1975968505,1.0101261428,0.1275443530,1.0000000000,0.1250000000,0.1275443530,0.0000000000,15.1949271327,0.0000000000,0,0.0543749811,34,SWE,0.0503914089,145149.1176470588,2.0656600688,1.0790526060,7.4426149984,8.9050407947,7.9963113840,0.0262626863,0.0262626863,
Kinshasa,COD,-4.3277780000,15.3130260000,1876,Kinshasa,COD,COD,COD,0,13142919.0000000000,0.8022180503,0.0000000000,0.0000000000,480.1099866161,0.9201465816,0.0000000000,0.0000000000,5.3999961878,0.1457997941,1.0521408925,0.1383750572,1.0334456267,0.1335012329,0.1383750572,0.0000000000,16.6489916720,0.0000000000,0,0.2007202388,88,COD,0.1166662881,596512.4204545454,0.8472027117,1.7204647720,22.0329343520,0.9469021277,6.2569897170,0.9999999999,0.9999999999,
Cairo,EGY,30.0519060000,31.2480220000,4605,Cairo,EGY,EGY,EGY,0,257175.0000000000,119.1650821686,0.0000000000,0.0000000000,12.3077795687,0.0008415635,0.0000000000,0.0000000000,0.0000000000,0.0000000000,1.0000000000,0.1250000000,1.0000000000,0.1250000000,0.1250000000,0.0000000000,1.3112123321,0.0000000000,0,0.0209735939,43,EGY,0.0966735349,412237.6046511628,23.1827576583,0.2169527984,0.6238513835,5.1402462091,1.4502479296,0.4931823041,0.4931823041,
Nairobi,KEN,-1.2814010000,36.8147110000,1717,Nairobi,KEN,KEN,KEN,0,468982.0000000000,26.4003514580,0.0000000000,0.0000000000,0.0000000000,0.0000000000,0.0000000000,0.0000000000,5.6315921121,0.1585741486,1.0130591379,0.1282861021,1.0130591379,0.1282861021,0.1282861021,0.0000000000,3.6779928037,0.0000000000,0,0.0478100418,36,KEN,0.0538772913,270907.1944444444,2.3119795971,0.8873876285,1.7311537295,11.4189379054,3.6817277080,1.0000000000,1.0000000000,
Niamey,NER,13.5186520000,2.1147100000,548,Niamey,NER,NER,NER,0,1511340.0000000000,7.9843269218,0.0000000000,0.0000000000,197.3157523373,0.2162972562,0.0000000000,0.0000000000,5.3869097746,0.1450939846,1.0000000000,0.1250000000,1.0008776521,0.1252195093,0.1252195093,0.0000000000,9.3373674105,0.0000000000,0,0.0811017917,16,NER,0.0568186166,684290.6875000000,0.8450065907,1.4273806116,2.2086227792,9.4488339025,3.9502466563,1.0000000000,1.0000000000,
Johannesburg,ZAF,-26.1680990000,28.0280640000,3512,Johannesburg,ZAF,ZAF,ZAF,0,4862767.0000000000,17.4063196368,130.8028731719,0.2138673954,0.0100665572,0.0000000006,0.0000000000,0.0000000000,5.8907217718,0.1735030150,1.0061715259,0.1265476424,1.0063687179,0.1265972496,0.1265972496,0.0000000000,4.5368604256,0.0000000000,0,0.0856612767,71,ZAF,0.0798689106,1129108.9859154930,1.6102914341,1.0725234155,4.3067295192,10.8094219894,6.2231396506,0.6041054474,0.6041054474,
Auckland,NZL,-36.8480550000,174.7630270000,1147,Auckland,NZL,NZL,NZL,0,1727521.0000000000,2.2136807897,50.6042004017,0.0320098137,0.0346158618,0.0000000067,113.4295416659,0.2859169094,5.6991701979,0.1624027047,1.0054867037,0.1263754389,1.0368905003,0.1343927387,0.1343927387,3.2001000000,0.0406838257,0.0910279112,0,0.1176250141,52,NZL,0.1286760474,226128.9807692308,1.3448356049,0.9141174010,7.6395382588,1.6460605160,4.1344580063,0.4506585508,0.4506585508,
Male,MDV,4.1667080000,73.4999480000,0,Male,MDV,MDV,MDV,0,0.0000000000,5.4854164124,0.0000000000,0.0000000000,0.0000000000,0.0000000000,0.0000000000,0.0000000000,0.0000000000,0.0000000000,0.0000000000,0.0000000000,0.0000000000,0.0000000000,0.0000000000,4.7723000000,0.0087677090,0.2024430870,0,0.0337405145,1,global,0.1107602755,789512.7834456208,3.5621584718,0.3046264950,0.0000012666,1.5399136382,0.0003440195,0.4245871047,0.4245871047,
Hong Kong,HKG,22.3174399242,114.1830698081,11185,Hong Kong,HKG,HKG,HKG,1,7589613.0000000000,17.7883102195,0.0000000000,0.0000000000,0.0000000000,0.0000000000,204.0047468197,0.7952202526,4.5092778905,0.1016679355,1.1814424492,0.1744757826,1.3908498825,0.2418079244,0.2418079244,8.0859000000,0.0333034386,0.5750686328,0,0.2856274576,2,global,0.1107602755,789512.7834456208,3.5621584718,2.5787896997,9.6130337078,4.9936886189,7.3974981032,1.0000000000,0.5509128958,parent:CHN
Macau,MAC,22.1987000000,113.5439000000,11079,Macau,MAC,HKG,HKG,1,672639.0000000000,88.0640925508,0.0000000000,0.0000000000,0.2591573011,0.0000003731,203.4733961223,0.7929469943,5.0865208525,0.1293634719,1.0132083468,0.1283238942,1.1228789856,0.1576071520,0.1576071520,10.2700000000,0.0179175822,0.8011297778,0,0.3135079615,2,global,0.1107602755,789512.7834456208,3.5621584718,2.8305090445,0.8519672057,24.7221153261,3.2770870518,1.0000000000,0.5509128958,parent:CHN
Shenzhen,CHN,22.5543160000,114.1201770000,0,Shenzhen,CHN,CHN,CHN,0,11089462.0000000000,25.4783834497,0.0000000000,0.0000000000,2.1051242530,0.0000246197,199.2469332135,0.7744182118,5.0325500537,0.1266328002,1.0347147490,0.1338293265,1.1108998792,0.1542623177,0.1542623177,8.1500000000,0.1392290089,0.5829111111,0,0.2730415101,393,CHN,0.1326051024,4833482.6208651401,1.9618185545,2.0590573452,2.2943005840,12.9871253338,4.5898173374,0.5509128958,0.5509128958,
Guangzhou,CHN,23.1469270000,113.3230640000,10933,Guangzhou,CHN,CHN,CHN,0,13677172.0000000000,13.1507187463,0.0000000000,0.0000000000,131.0461489077,0.0954060730,182.6424444303,0.6939378700,5.4636107953,0.1492552146,1.0097681685,0.1274539693,1.0245280987,0.1312072281,0.1312072281,10.2700000000,0.4791444191,0.8011297778,0,0.3118226939,393,CHN,0.1326051024,4833482.6208651401,1.9618185545,2.3515135413,2.8296723238,6.7033308029,3.9953786913,0.5509128958,0.5509128958,
Beijing,CHN,39.9308380000,116.3863400000,8745,Beijing,CHN,CHN,CHN,0,20956992.0000000000,5.2684313016,63.9697801428,0.0511516596,49.7569510399,0.0137541899,120.6754462347,0.3236125183,5.2619765714,0.1384419872,1.0257358373,0.1315167510,1.0253559414,0.1314193508,0.1315167510,0.0000000000,5.6851495916,0.0000000000,0,0.1097461843,393,CHN,0.1326051024,4833482.6208651401,1.9618185545,0.8276166026,4.3357954593,2.6854834712,3.5797299493,0.5509128958,0.5509128958,
Shanghai,CHN,31.2183980000,121.4345590000,11345,Shanghai,CHN,CHN,CHN,0,24631926.0000000000,17.3566215163,53.1931825639,0.0353689334,205.5024199039,0.2346180255,212.7884092118,0.8309808540,5.2832696595,0.1395646915,1.0003314411,0.1250828740,1.0001548431,0.1250387138,0.1250828740,19.6042000000,0.1847781795,1.0000000000,0,0.3942692297,393,CHN,0.1326051024,4833482.6208651401,1.9618185545,2.9732583634,5.0961031480,8.8472103989,6.3542671255,0.5509128958,0.5509128958,
Tokyo,JPN,35.6869630000,139.7494620000,5929,Tokyo,JPN,JPN,JPN,0,14666203.0000000000,18.9277095795,258.3723754883,0.7492701997,0.0000000000,0.0000000000,222.6471252441,0.8670340615,6.0000000000,0.1800000000,1.0000000000,0.1250000000,1.0000000000,0.1250000000,0.1250000000,40.1759000000,0.0362861526,1.0000000000,0,0.4868840435,77,JPN,0.3171880150,920959.2207792208,5.4146144756,1.5350013888,15.9249211790,3.4956707749,8.6827757440,0.7228255220,0.7228255220,
Mumbai,IND,19.0189360000,72.8550430000,7599,Mumbai,IND,IND,IND,0,14686214.0000000000,27.4841901198,0.0000000000,0.0000000000,19.5482730579,0.0021229721,124.2398817614,0.3430121827,6.1838007451,0.1911969583,1.0024035765,0.1256016163,1.0068265666,0.1267124669,0.1267124669,0.0000000000,1.2014735283,0.0000000000,0,0.1105074300,213,IND,0.0897148962,3620167.8873239434,3.0993320984,1.2317623348,4.0567770493,8.8677783624,5.5466992232,1.0000000000,1.0000000000,
New York,USA,40.7519250000,-73.9819630000,8099,New York,USA,USA,USA,0,9314565.0000000000,15.7596877217,153.7231140137,0.2953849473,0.0000000000,0.0000000000,124.1603769745,0.3425733158,4.8938226254,0.1197474994,1.0000000000,0.1250000000,1.0000000000,0.1250000000,0.1250000000,2.4400000000,0.1537142219,0.0529208889,0,0.1559377752,725,USA,0.1119911810,421538.6400000000,4.3078765791,1.3924112044,22.0965864482,3.6583424414,10.7623931997,0.2931765360,0.2931765360,
Jakarta,IDN,-6.1724720000,106.8274920000,5472,Jakarta,IDN,IDN,IDN,0,11694668.0000000000,30.2571776372,108.8325530948,0.1480565577,24.6108455165,0.0033649651,0.0000000000,0.0000000000,6.1282163462,0.1877751779,1.0000000000,0.1250000000,1.0000000000,0.1250000000,0.1250000000,6.7562000000,0.0517137949,0.4057443417,0,0.1449901737,104,IDN,0.1499969196,819324.8365384615,5.1189376985,0.9666210087,14.2735426518,5.9108313910,10.0317914416,0.9999999945,0.9999999945,
Lagos,NGA,6.4452080000,3.3895850000,1289,Lagos,NGA,NGA,NGA,0,23008997.0000000000,4.6529625787,0.0000000000,0.0000000000,14.1638188159,0.0011145209,0.0000000000,0.0000000000,5.2837801263,0.1395916621,1.0000000000,0.1250000000,1.0000000000,0.1250000000,0.1250000000,0.0000000000,5.2454445218,0.0000000000,0,0.0442843638,69,NGA,0.0513410335,838576.2463768116,1.7716344465,0.8625530273,27.4381692773,2.6263671876,10.7338434326,1.0000000000,1.0000000000,
Singapore,SGP,1.2949790000,103.8538750000,178,Singapore,SGP,SGP,SGP,1,6027634.0000000000,41.4596678728,0.0000000000,0.0000000000,0.0000000000,0.0000000000,0.0000000000,0.0000000000,6.6458639793,0.2208375402,1.0000000000,0.1250000000,1.0200073346,0.1300518703,0.1300518703,0.0000000000,0.5145227518,0.0000000000,0,0.0584815684,1,global,0.1107602755,789512.7834456208,3.5621584718,0.5280012907,7.6346249565,11.6389173027,9.0372783230,0.0660931946,0.0660931946,
Dhaka,BGD,23.7250060000,90.4066340000,6090,Dhaka,BGD,BGD,BGD,0,14444132.0000000000,6.1961355218,90.2775981064,0.1018755590,90.2163343980,0.0452165944,116.9293251651,0.3038326019,6.8033860378,0.2314303079,1.0000000000,0.1250000000,1.0000000000,0.1250000000,0.1250000000,0.0000000000,1.2854083381,0.0000000000,0,0.1345591772,16,BGD,0.1402761112,4794856.1250000000,1.5939914563,0.9592451346,3.0124224009,3.8871823920,3.3358267624,0.9999999999,0.9999999999,
Kabul,AFG,34.5186360000,69.1813140000,4865,Kabul,AFG,AFG,AFG,0,3186215.0000000000,9.6657638470,141.2088576928,0.2492492686,15.9399718729,0.0014115706,0.0000000000,0.0000000000,5.0219161148,0.1260982073,1.0579440799,0.1399057095,1.0786266079,0.1454294199,0.1454294199,0.0000000000,9.4883292595,0.0000000000,0,0.0870314111,34,AFG,0.0976148492,365559.7058823530,1.1550378465,0.8915796298,8.7159907088,8.3683524973,8.5752352151,1.0000000000,1.0000000000,
